educ;south;nonwhite;female;married;exper;expersq;union;lwage;age;year;y85;y85fem;y85educ;y85union
12;0;0;0;0;8;64;0;1,2150000333786;25;78;0;0;0;0
12;0;0;1;1;30;900;1;1,60940003395081;47;78;0;0;0;0
6;0;0;0;1;38;1444;1;2,14010000228882;49;78;0;0;0;0
12;0;0;0;1;19;361;1;2,0731999874115;36;78;0;0;0;0
12;0;0;0;1;11;121;0;1,64900004863739;28;78;0;0;0;0
8;0;0;0;1;43;1849;0;1,71480000019073;56;78;0;0;0;0
11;0;0;0;0;2;4;0;1,09860002994537;18;78;0;0;0;0
15;0;0;1;0;9;81;0;1,83259999752045;29;78;0;0;0;0
16;0;0;1;0;17;289;0;,356700003147125;38;78;0;0;0;0
15;0;0;0;1;23;529;1;2,15470004081726;43;78;0;0;0;0
15;0;0;0;1;39;1521;1;1,9867000579834;59;78;0;0;0;0
12;0;0;1;1;5;25;1;1,70469999313354;22;78;0;0;0;0
11;0;0;0;1;27;729;1;2,11019992828369;43;78;0;0;0;0
12;0;0;0;1;29;841;0;1,83259999752045;46;78;0;0;0;0
12;0;0;0;0;7;49;0;1,30830001831055;24;78;0;0;0;0
12;0;0;1;0;42;1764;1;2,23000001907349;59;78;0;0;0;0
18;0;0;0;1;35;1225;1;2,52570009231567;58;78;0;0;0;0
18;0;0;1;1;31;961;1;2,39790010452271;54;78;0;0;0;0
6;0;0;0;1;24;576;0;1,25279998779297;35;78;0;0;0;0
14;0;1;0;1;14;196;1;2,07940006256104;33;78;0;0;0;0
12;0;0;1;0;40;1600;1;2,01489996910095;57;78;0;0;0;0
12;0;0;1;0;10;100;0;1,2039999961853;27;78;0;0;0;0
13;0;0;1;0;3;9;0;1,38629996776581;21;78;0;0;0;0
13;0;0;0;0;2;4;0;1,23109996318817;20;78;0;0;0;0
15;0;0;0;0;7;49;0;1,50409996509552;27;78;0;0;0;0
16;0;0;0;0;29;841;0;2,59969997406006;50;78;0;0;0;0
13;0;0;0;1;27;729;1;2,23799991607666;45;78;0;0;0;0
18;0;0;0;0;8;64;0;2,35389995574951;31;78;0;0;0;0
10;0;0;0;1;6;36;1;2,52570009231567;21;78;0;0;0;0
14;0;0;1;0;2;4;0;,936100006103516;21;78;0;0;0;0
8;0;0;0;0;36;1296;1;2,01489996910095;49;78;0;0;0;0
15;0;0;1;1;23;529;1;1,13139998912811;43;78;0;0;0;0
8;0;0;1;1;48;2304;1;1,65820002555847;61;78;0;0;0;0
12;0;0;0;0;21;441;1;2,06769990921021;38;78;0;0;0;0
8;0;0;0;1;11;121;1;2,08200001716614;24;78;0;0;0;0
12;0;0;1;1;26;676;1;2,15470004081726;43;78;0;0;0;0
16;0;0;1;1;10;100;0;1,96710002422333;31;78;0;0;0;0
14;0;0;0;1;37;1369;0;2,75929999351501;56;78;0;0;0;0
13;0;0;0;1;21;441;0;1,29719996452332;39;78;0;0;0;0
16;0;0;1;1;21;441;0;1,25279998779297;42;78;0;0;0;0
13;0;0;0;0;6;36;1;2,37490010261536;24;78;0;0;0;0
12;0;0;0;1;25;625;1;1,63680005073547;42;78;0;0;0;0
13;0;0;0;0;5;25;0;1,23210000991821;23;78;0;0;0;0
11;0;0;0;0;13;169;1;1,74919998645782;29;78;0;0;0;0
16;0;0;0;0;15;225;0;2,30259990692139;36;78;0;0;0;0
12;0;0;1;1;8;64;0;1,55809998512268;25;78;0;0;0;0
10;0;0;0;1;8;64;1;1,60940003395081;23;78;0;0;0;0
14;0;0;0;1;11;121;0;1,55809998512268;30;78;0;0;0;0
12;0;1;0;1;34;1156;1;2,05410003662109;51;78;0;0;0;0
13;0;0;0;0;8;64;0;1,83259999752045;26;78;0;0;0;0
12;0;0;0;1;36;1296;0;1,94589996337891;53;78;0;0;0;0
12;0;0;1;1;30;900;0;1,83259999752045;47;78;0;0;0;0
16;0;0;1;1;5;25;1;1,18560004234314;26;78;0;0;0;0
11;0;0;1;1;13;169;0;,911800026893616;29;78;0;0;0;0
11;0;0;0;0;2;4;1;1,8717999458313;18;78;0;0;0;0
9;0;0;0;1;12;144;1;1,94589996337891;26;78;0;0;0;0
18;0;0;0;1;24;576;0;2,16910004615784;47;78;0;0;0;0
12;0;1;0;1;17;289;1;2,01489996910095;34;78;0;0;0;0
8;0;0;0;1;50;2500;0;1,64479994773865;63;78;0;0;0;0
18;0;0;0;1;8;64;0;2,10719990730286;31;78;0;0;0;0
12;0;0;1;0;11;121;1;1,62919998168945;28;78;0;0;0;0
12;0;0;0;1;7;49;0;1,05939996242523;24;78;0;0;0;0
17;0;0;1;1;26;676;1;2,16910004615784;48;78;0;0;0;0
8;0;0;0;1;19;361;0;1,32179999351501;32;78;0;0;0;0
12;0;1;1;0;13;169;1;1,85549998283386;30;78;0;0;0;0
12;0;0;0;1;9;81;1;1,74919998645782;26;78;0;0;0;0
14;0;0;0;1;38;1444;0;1,96609997749329;57;78;0;0;0;0
12;0;0;0;0;4;16;0;1,1981999874115;21;78;0;0;0;0
14;0;0;1;0;11;121;0;1,92789995670319;30;78;0;0;0;0
10;0;0;0;1;43;1849;0;2,30259990692139;58;78;0;0;0;0
11;0;1;0;1;15;225;0;1,38629996776581;31;78;0;0;0;0
12;0;1;0;1;31;961;1;-,469999998807907;48;78;0;0;0;0
6;0;1;0;1;44;1936;1;1,3150999546051;55;78;0;0;0;0
16;0;0;0;1;16;256;0;2,89939999580383;37;78;0;0;0;0
12;0;0;0;1;25;625;1;1,99810004234314;42;78;0;0;0;0
14;0;0;0;1;19;361;1;1,70469999313354;38;78;0;0;0;0
12;0;0;1;0;3;9;0;1,17869997024536;20;78;0;0;0;0
13;0;0;1;0;14;196;0;1,60940003395081;32;78;0;0;0;0
12;0;0;0;1;30;900;0;2,01489996910095;47;78;0;0;0;0
12;0;0;0;1;32;1024;1;2,48489999771118;49;78;0;0;0;0
10;0;0;0;1;48;2304;1;2,07940006256104;63;78;0;0;0;0
12;0;0;0;0;36;1296;1;2,14010000228882;53;78;0;0;0;0
12;0;0;1;1;7;49;1;1,58280003070831;24;78;0;0;0;0
12;0;0;0;1;19;361;1;2,33459997177124;36;78;0;0;0;0
18;0;0;0;0;11;121;0;1,65030002593994;34;78;0;0;0;0
13;0;0;0;1;32;1024;1;1,54760003089905;50;78;0;0;0;0
12;0;0;1;1;10;100;0;1,77069997787476;27;78;0;0;0;0
14;0;0;1;0;3;9;0;1,60940003395081;22;78;0;0;0;0
16;0;0;1;1;10;100;0;1,29470002651215;31;78;0;0;0;0
16;0;0;1;1;9;81;0;2,04019999504089;30;78;0;0;0;0
12;0;0;1;1;13;169;1;1,32179999351501;30;78;0;0;0;0
12;0;0;0;1;20;400;0;1,85629999637604;37;78;0;0;0;0
12;0;0;0;1;30;900;1;2,11019992828369;47;78;0;0;0;0
12;0;0;0;1;10;100;1;2,36319994926453;27;78;0;0;0;0
18;0;0;1;0;17;289;0;,670700013637543;40;78;0;0;0;0
10;0;0;0;1;7;49;1;1,5789999961853;22;78;0;0;0;0
8;0;0;0;1;32;1024;0;2,14010000228882;45;78;0;0;0;0
9;0;0;0;1;36;1296;1;1,66299998760223;50;78;0;0;0;0
14;0;0;0;1;43;1849;0;2,61269998550415;62;78;0;0;0;0
16;0;0;0;1;9;81;0;2,16910004615784;30;78;0;0;0;0
8;0;0;0;1;41;1681;1;1,60940003395081;54;78;0;0;0;0
12;0;0;0;1;21;441;1;2,07940006256104;38;78;0;0;0;0
14;0;0;0;1;26;676;0;1,51409995555878;45;78;0;0;0;0
12;0;0;1;1;21;441;0;1,1907000541687;38;78;0;0;0;0
12;0;0;1;1;42;1764;0;1,79180002212524;59;78;0;0;0;0
12;0;0;0;1;41;1681;0;2,23000001907349;58;78;0;0;0;0
13;0;0;1;1;22;484;0;,97460001707077;40;78;0;0;0;0
18;0;0;0;1;10;100;0;2,04119992256165;33;78;0;0;0;0
12;0;0;0;0;3;9;1;1,79180002212524;20;78;0;0;0;0
14;0;0;0;0;14;196;0;2,16280007362366;33;78;0;0;0;0
12;0;0;0;1;24;576;1;2,48489999771118;41;78;0;0;0;0
12;0;0;0;1;13;169;1;1,79180002212524;30;78;0;0;0;0
12;0;0;1;0;41;1681;1;1,6956000328064;58;78;0;0;0;0
14;0;0;0;1;16;256;0;2,52570009231567;35;78;0;0;0;0
12;1;0;0;0;3;9;0;,97460001707077;20;78;0;0;0;0
16;1;0;0;1;27;729;0;2,10899996757507;48;78;0;0;0;0
7;1;0;1;0;31;961;0;1,29470002651215;43;78;0;0;0;0
11;1;0;1;0;2;4;0;,97460001707077;18;78;0;0;0;0
12;1;0;0;1;19;361;0;1,22379994392395;36;78;0;0;0;0
1;1;0;0;1;47;2209;0;1,2039999961853;53;78;0;0;0;0
12;1;0;0;0;1;1;0;1,04729998111725;18;78;0;0;0;0
9;1;0;0;1;5;25;0;1,82159996032715;19;78;0;0;0;0
12;1;1;1;0;38;1444;1;1,13940000534058;55;78;0;0;0;0
12;1;0;1;0;2;4;0;,916299998760223;19;78;0;0;0;0
12;1;0;0;1;19;361;0;2,20830011367798;36;78;0;0;0;0
12;1;0;0;1;38;1444;1;2,16910004615784;55;78;0;0;0;0
12;1;0;0;1;22;484;0;1,79180002212524;39;78;0;0;0;0
12;1;0;0;1;6;36;0;1,38629996776581;23;78;0;0;0;0
13;1;0;1;1;15;225;0;1,8717999458313;33;78;0;0;0;0
12;1;0;0;1;27;729;0;1,2039999961853;44;78;0;0;0;0
12;1;0;1;0;1;1;0;1,21640002727509;18;78;0;0;0;0
17;1;0;1;1;12;144;0;1,90950000286102;34;78;0;0;0;0
16;1;0;0;1;31;961;0;1,7635999917984;52;78;0;0;0;0
10;1;0;0;1;18;324;0;1,29579997062683;33;78;0;0;0;0
7;1;1;1;0;33;1089;0;1,32179999351501;45;78;0;0;0;0
6;1;0;0;0;39;1521;0;1,56690001487732;50;78;0;0;0;0
16;1;0;0;0;4;16;0;1,60940003395081;25;78;0;0;0;0
14;1;0;1;0;4;16;0;1,42910003662109;23;78;0;0;0;0
14;1;0;1;0;2;4;0;1,65820002555847;21;78;0;0;0;0
17;1;0;0;0;4;16;0;1,90579998493195;26;78;0;0;0;0
13;1;0;1;0;21;441;1;2,01489996910095;39;78;0;0;0;0
4;1;0;0;0;13;169;0;,95550000667572;22;78;0;0;0;0
17;1;0;0;1;18;324;0;2,64549994468689;40;78;0;0;0;0
14;1;0;1;0;9;81;0;2,52690005302429;28;78;0;0;0;0
16;1;0;0;0;8;64;0;1,60940003395081;29;78;0;0;0;0
10;1;1;0;1;35;1225;0;1,38629996776581;50;78;0;0;0;0
6;1;0;1;1;17;289;0;1,06470000743866;28;78;0;0;0;0
13;0;0;0;0;1;1;0;1,52610003948212;19;78;0;0;0;0
16;0;0;0;1;3;9;1;1,44690001010895;24;78;0;0;0;0
10;0;0;0;1;41;1681;1;1,8717999458313;56;78;0;0;0;0
12;0;0;1;1;41;1681;1;3,05640006065369;58;78;0;0;0;0
18;0;0;0;1;36;1296;0;1,88390004634857;59;78;0;0;0;0
10;0;1;1;1;16;256;1;1,25279998779297;31;78;0;0;0;0
12;0;1;1;0;36;1296;1;1,58920001983643;53;78;0;0;0;0
12;0;1;0;1;39;1521;0;1,82050001621246;56;78;0;0;0;0
13;0;0;0;1;2;4;0;1,79180002212524;20;78;0;0;0;0
15;0;0;0;1;8;64;0;1,81369996070862;28;78;0;0;0;0
12;0;0;0;1;35;1225;0;2,19720005989075;52;78;0;0;0;0
12;0;0;1;0;12;144;0;1,66069996356964;29;78;0;0;0;0
12;0;0;1;0;11;121;0;1,60940003395081;28;78;0;0;0;0
18;0;1;1;0;10;100;0;1,88390004634857;33;78;0;0;0;0
16;0;1;1;0;3;9;0;1,32179999351501;24;78;0;0;0;0
10;0;0;0;1;48;2304;1;1,25279998779297;63;78;0;0;0;0
15;0;0;0;0;20;400;1;2,49499988555908;40;78;0;0;0;0
6;0;0;0;1;51;2601;1;1,8717999458313;62;78;0;0;0;0
12;0;0;1;1;12;144;0;1,22379994392395;29;78;0;0;0;0
10;0;0;0;1;26;676;0;1,73849999904633;41;78;0;0;0;0
9;0;0;1;1;34;1156;1;2,07940006256104;48;78;0;0;0;0
13;0;0;1;1;35;1225;0;1,4452999830246;53;78;0;0;0;0
12;0;0;1;0;12;144;0;1,44690001010895;29;78;0;0;0;0
11;0;0;0;0;5;25;0;1,2878999710083;21;78;0;0;0;0
14;0;0;0;0;8;64;0;1,74919998645782;27;78;0;0;0;0
12;0;0;0;1;29;841;1;2,04769992828369;46;78;0;0;0;0
7;0;0;0;1;38;1444;1;1,83259999752045;50;78;0;0;0;0
12;0;0;0;1;33;1089;0;1,39869999885559;50;78;0;0;0;0
8;0;0;0;1;42;1764;0;1,83259999752045;55;78;0;0;0;0
16;0;0;0;0;1;1;0;1,93149995803833;22;78;0;0;0;0
13;0;1;0;0;17;289;1;1,95770001411438;35;78;0;0;0;0
16;0;0;1;1;5;25;0;1,83259999752045;26;78;0;0;0;0
12;0;0;1;0;13;169;0;1,25279998779297;30;78;0;0;0;0
12;0;0;1;1;23;529;0;1,23839998245239;40;78;0;0;0;0
16;0;0;1;1;12;144;1;,613099992275238;33;78;0;0;0;0
12;0;1;0;1;20;400;1;2,01489996910095;37;78;0;0;0;0
13;0;0;0;1;33;1089;0;2,16910004615784;51;78;0;0;0;0
9;0;0;0;1;22;484;0;1,42999994754791;36;78;0;0;0;0
10;0;0;1;0;27;729;1;1,64049994945526;42;78;0;0;0;0
14;0;0;0;1;9;81;1;1,92789995670319;28;78;0;0;0;0
16;0;0;0;0;5;25;0;1,98099994659424;26;78;0;0;0;0
12;0;0;0;1;8;64;0;1,55809998512268;25;78;0;0;0;0
12;0;0;0;1;32;1024;1;2,16910004615784;49;78;0;0;0;0
11;0;0;0;1;12;144;1;2,01489996910095;28;78;0;0;0;0
16;0;0;0;0;2;4;0;1,97720003128052;23;78;0;0;0;0
12;0;0;0;1;32;1024;1;1,90330004692078;49;78;0;0;0;0
12;0;0;0;1;32;1024;0;1,83259999752045;49;78;0;0;0;0
18;0;1;0;1;13;169;1;2,25710010528564;36;78;0;0;0;0
8;0;0;0;1;34;1156;1;1,85629999637604;47;78;0;0;0;0
9;0;0;1;0;16;256;0;-,0780000016093254;30;78;0;0;0;0
16;0;0;0;1;8;64;0;1,67400002479553;29;78;0;0;0;0
10;0;1;0;0;33;1089;0;1,60940003395081;48;78;0;0;0;0
12;0;0;0;1;24;576;1;2,07940006256104;41;78;0;0;0;0
9;0;1;0;1;34;1156;1;1,83259999752045;48;78;0;0;0;0
18;0;0;0;1;30;900;0;2,92079997062683;53;78;0;0;0;0
12;0;0;0;0;4;16;1;1,13940000534058;21;78;0;0;0;0
16;0;1;1;1;5;25;0;1,83259999752045;26;78;0;0;0;0
12;0;0;1;1;5;25;0;1,58410000801086;22;78;0;0;0;0
10;0;0;0;1;44;1936;1;2,08200001716614;59;78;0;0;0;0
11;0;0;0;0;8;64;0;1,70469999313354;24;78;0;0;0;0
12;0;0;1;1;26;676;0;1,82449996471405;43;78;0;0;0;0
14;0;0;0;1;37;1369;0;1,99240005016327;56;78;0;0;0;0
12;0;1;1;0;20;400;0;1,02960002422333;37;78;0;0;0;0
16;0;1;0;1;16;256;1;2,2558000087738;37;78;0;0;0;0
12;0;0;0;1;14;196;0;2,30259990692139;31;78;0;0;0;0
10;0;0;1;0;15;225;1;1,63759994506836;30;78;0;0;0;0
12;0;0;0;0;3;9;1;1,58410000801086;20;78;0;0;0;0
16;0;0;0;1;11;121;0;2,1768000125885;32;78;0;0;0;0
8;0;0;0;1;40;1600;1;1,83259999752045;53;78;0;0;0;0
12;0;0;1;0;21;441;0;2,40790009498596;38;78;0;0;0;0
13;0;0;0;1;3;9;0;1,96360003948212;21;78;0;0;0;0
12;0;0;1;0;17;289;0;1,97409999370575;34;78;0;0;0;0
12;0;0;0;0;6;36;0;1,43509995937347;23;78;0;0;0;0
11;1;1;0;1;28;784;1;2,07940006256104;44;78;0;0;0;0
12;1;0;1;1;6;36;0;1,2039999961853;23;78;0;0;0;0
14;1;0;1;0;4;16;0;1,25279998779297;23;78;0;0;0;0
12;1;0;0;1;41;1681;0;2,16910004615784;58;78;0;0;0;0
12;1;0;0;0;16;256;1;2,01489996910095;33;78;0;0;0;0
12;1;0;1;1;6;36;0;,451999992132187;23;78;0;0;0;0
12;1;0;0;1;39;1521;1;2,07940006256104;56;78;0;0;0;0
10;1;0;0;1;15;225;0;1,69280004501343;30;78;0;0;0;0
12;1;0;1;1;18;324;0;1,43250000476837;35;78;0;0;0;0
15;1;0;0;1;7;49;0;1,49290001392365;27;78;0;0;0;0
16;1;0;0;1;36;1296;0;1,13940000534058;57;78;0;0;0;0
14;1;0;1;1;6;36;0;1,72370004653931;25;78;0;0;0;0
12;1;1;1;0;13;169;0;1,52610003948212;30;78;0;0;0;0
13;1;0;0;0;2;4;0;1,09860002994537;20;78;0;0;0;0
5;1;0;0;1;50;2500;0;1,15750002861023;60;78;0;0;0;0
12;1;0;1;1;21;441;0;1,55809998512268;38;78;0;0;0;0
12;1;0;0;1;28;784;0;1,29359996318817;45;78;0;0;0;0
12;1;0;0;1;12;144;1;1,47590005397797;29;78;0;0;0;0
15;1;1;1;1;29;841;0;1,28090000152588;49;78;0;0;0;0
12;1;0;0;1;7;49;0;1,38629996776581;24;78;0;0;0;0
12;1;0;0;1;22;484;0;2,12030005455017;39;78;0;0;0;0
12;1;1;1;0;11;121;0;1,34809994697571;28;78;0;0;0;0
12;0;0;1;0;40;1600;0;1,5217000246048;57;78;0;0;0;0
12;0;0;0;1;31;961;0;1,53149998188019;48;78;0;0;0;0
12;0;0;1;1;10;100;0;1,42139995098114;27;78;0;0;0;0
16;0;0;0;1;9;81;0;1,98099994659424;30;78;0;0;0;0
12;0;1;1;1;10;100;1;1,44690001010895;27;78;0;0;0;0
15;0;0;0;1;42;1764;0;3,13220000267029;62;78;0;0;0;0
12;0;0;1;1;45;2025;0;,88730001449585;62;78;0;0;0;0
17;0;0;0;1;8;64;1;2,35139989852905;30;78;0;0;0;0
15;0;0;0;1;32;1024;0;2,16910004615784;52;78;0;0;0;0
14;0;0;0;0;1;1;0;1,25279998779297;20;78;0;0;0;0
12;0;0;1;1;17;289;0;1,42709994316101;34;78;0;0;0;0
14;0;0;0;1;10;100;0;1,74049997329712;29;78;0;0;0;0
12;0;0;0;1;18;324;1;2,22659993171692;35;78;0;0;0;0
12;0;0;1;0;10;100;1;,967599987983704;27;78;0;0;0;0
12;0;0;0;1;29;841;1;1,83259999752045;46;78;0;0;0;0
12;0;0;1;0;39;1521;0;1,60940003395081;56;78;0;0;0;0
12;0;0;1;1;31;961;0;1,17869997024536;48;78;0;0;0;0
10;0;0;0;1;18;324;1;2,25130009651184;33;78;0;0;0;0
12;0;1;1;1;14;196;1;2,01489996910095;31;78;0;0;0;0
12;0;0;1;1;8;64;0;1,01160001754761;25;78;0;0;0;0
12;1;0;0;0;9;81;0;1,60940003395081;26;78;0;0;0;0
16;1;0;1;0;3;9;0;1,02960002422333;24;78;0;0;0;0
9;1;1;1;1;24;576;0;,97460001707077;38;78;0;0;0;0
7;1;0;1;1;21;441;0;,810899972915649;33;78;0;0;0;0
12;1;0;0;1;15;225;0;1,2878999710083;32;78;0;0;0;0
18;1;0;0;0;2;4;0;1,80050003528595;25;78;0;0;0;0
16;1;1;1;0;12;144;0;1,09860002994537;33;78;0;0;0;0
12;1;1;1;1;7;49;0;1,19389998912811;24;78;0;0;0;0
9;1;1;1;0;33;1089;0;1,32179999351501;47;78;0;0;0;0
15;1;0;0;0;5;25;0;1,64869999885559;25;78;0;0;0;0
18;1;0;1;0;3;9;0;1,32179999351501;26;78;0;0;0;0
11;1;0;1;1;8;64;0;,898999989032745;24;78;0;0;0;0
13;1;0;1;1;5;25;0;1,37969994544983;23;78;0;0;0;0
12;1;0;1;1;1;1;0;1,22640001773834;18;78;0;0;0;0
12;0;0;1;1;21;441;0;,921999990940094;38;78;0;0;0;0
12;0;0;0;0;1;1;0;,977299988269806;18;78;0;0;0;0
11;0;0;1;1;37;1369;0;1,01590001583099;53;78;0;0;0;0
12;0;0;0;1;17;289;1;1,60940003395081;34;78;0;0;0;0
12;0;0;1;0;43;1849;0;1,65820002555847;60;78;0;0;0;0
12;0;0;0;0;4;16;0;1,72720003128052;21;78;0;0;0;0
12;0;0;0;0;6;36;0;1,09860002994537;23;78;0;0;0;0
8;0;0;0;1;49;2401;1;1,94589996337891;62;78;0;0;0;0
16;0;0;0;1;13;169;0;2,27830004692078;34;78;0;0;0;0
18;0;0;0;1;11;121;1;1,5333000421524;34;78;0;0;0;0
8;0;0;1;1;18;324;0;1,04729998111725;31;78;0;0;0;0
7;1;1;0;1;14;196;0;1,51789999008179;26;78;0;0;0;0
15;1;0;1;1;20;400;0;1,62969994544983;40;78;0;0;0;0
14;1;0;1;0;38;1444;0;1,8717999458313;57;78;0;0;0;0
10;1;0;0;1;46;2116;1;1,60940003395081;61;78;0;0;0;0
18;1;0;0;1;20;400;0;2,68720006942749;43;78;0;0;0;0
16;1;0;1;0;7;49;0;1,89079999923706;28;78;0;0;0;0
12;1;0;1;1;10;100;0;1,17869997024536;27;78;0;0;0;0
18;1;0;0;1;12;144;0;2,70799994468689;35;78;0;0;0;0
12;1;0;1;0;13;169;0;2,19140005111694;30;78;0;0;0;0
16;1;0;0;1;20;400;0;2,12030005455017;41;78;0;0;0;0
12;1;0;0;0;6;36;0;1,50409996509552;23;78;0;0;0;0
9;1;0;1;0;6;36;0;1,17869997024536;20;78;0;0;0;0
8;1;0;0;1;40;1600;0;1,1632000207901;53;78;0;0;0;0
12;1;0;1;0;1;1;0;,944500029087067;18;78;0;0;0;0
10;1;1;0;0;14;196;1;1,60940003395081;29;78;0;0;0;0
12;1;0;0;0;5;25;0;1,06470000743866;22;78;0;0;0;0
8;1;0;0;1;17;289;0;1,06470000743866;30;78;0;0;0;0
12;1;0;0;1;14;196;0;2,00149989128113;31;78;0;0;0;0
12;1;0;1;1;12;144;0;1,13940000534058;29;78;0;0;0;0
13;1;0;0;1;30;900;1;1,99129998683929;48;78;0;0;0;0
14;1;0;0;1;38;1444;1;2,01489996910095;57;78;0;0;0;0
12;1;1;0;1;23;529;0;1,06470000743866;40;78;0;0;0;0
9;1;0;0;0;5;25;0;,97460001707077;19;78;0;0;0;0
12;1;0;0;1;36;1296;1;2,15759992599487;53;78;0;0;0;0
11;1;1;1;0;34;1156;0;1,17869997024536;50;78;0;0;0;0
13;1;0;0;1;5;25;1;1,99360001087189;23;78;0;0;0;0
6;0;1;0;1;48;2304;0;1,57379996776581;59;78;0;0;0;0
6;0;0;0;1;38;1444;0;2,22250008583069;49;78;0;0;0;0
15;0;1;1;0;8;64;0;1,65489995479584;28;78;0;0;0;0
12;0;0;1;0;39;1521;1;1,72720003128052;56;78;0;0;0;0
16;0;0;1;0;16;256;1;2,03139996528625;37;78;0;0;0;0
14;0;0;1;1;25;625;0;,451999992132187;44;78;0;0;0;0
13;1;0;0;1;4;16;0;1,32179999351501;22;78;0;0;0;0
12;1;0;0;0;6;36;0;1,60940003395081;23;78;0;0;0;0
12;1;0;1;0;46;2116;0;2,02150011062622;63;78;0;0;0;0
18;1;1;1;0;22;484;0;1,68180000782013;45;78;0;0;0;0
11;1;0;0;1;27;729;0;1,83259999752045;43;78;0;0;0;0
12;1;0;0;1;4;16;1;1,25279998779297;21;78;0;0;0;0
11;1;0;0;1;41;1681;1;1,63409996032715;57;78;0;0;0;0
16;1;1;1;0;30;900;1;2,30259990692139;51;78;0;0;0;0
14;1;0;1;1;3;9;0;1,74300003051758;22;78;0;0;0;0
7;1;1;0;1;21;441;1;1,83259999752045;33;78;0;0;0;0
12;1;1;1;1;22;484;0;1,04980003833771;39;78;0;0;0;0
18;1;0;0;0;9;81;0;2,15759992599487;32;78;0;0;0;0
16;1;0;0;1;27;729;0;2,38260006904602;48;78;0;0;0;0
16;1;0;1;0;2;4;0;1,55809998512268;23;78;0;0;0;0
12;0;0;1;1;8;64;1;1,42309999465942;25;78;0;0;0;0
10;0;0;1;1;27;729;0;1,1632000207901;42;78;0;0;0;0
12;0;0;0;1;13;169;0;1,62430000305176;30;78;0;0;0;0
10;0;0;0;1;43;1849;1;2,01489996910095;58;78;0;0;0;0
14;0;0;0;1;16;256;0;1,9867000579834;35;78;0;0;0;0
12;0;0;0;1;12;144;0;1,04980003833771;29;78;0;0;0;0
15;0;0;1;0;4;16;0;1,38629996776581;24;78;0;0;0;0
12;0;0;1;1;4;16;0;1,32179999351501;21;78;0;0;0;0
12;0;0;1;0;12;144;1;1,52610003948212;29;78;0;0;0;0
16;0;0;0;1;5;25;0;2,19720005989075;26;78;0;0;0;0
18;1;0;0;1;36;1296;0;1,89709997177124;59;78;0;0;0;0
2;1;1;0;1;55;3025;0;1,13940000534058;62;78;0;0;0;0
12;1;0;0;0;17;289;0;1,35450005531311;34;78;0;0;0;0
12;1;0;0;1;14;196;0;2,12030005455017;31;78;0;0;0;0
18;1;0;0;0;31;961;0;2,49200010299683;54;78;0;0;0;0
12;1;0;1;0;21;441;0;1,09860002994537;38;78;0;0;0;0
12;1;0;0;0;5;25;0;1,59930002689362;22;78;0;0;0;0
14;1;0;1;1;22;484;0;2,09489989280701;41;78;0;0;0;0
7;1;0;0;1;19;361;1;1,60940003395081;31;78;0;0;0;0
11;1;0;0;1;30;900;0;2,52570009231567;46;78;0;0;0;0
14;1;0;0;1;9;81;0;1,83259999752045;28;78;0;0;0;0
12;1;0;1;1;30;900;0;1,5686000585556;47;78;0;0;0;0
12;1;0;0;0;9;81;1;1,71430003643036;26;78;0;0;0;0
12;1;0;1;0;7;49;0;1,17869997024536;24;78;0;0;0;0
13;1;0;1;0;1;1;0;,693099975585938;19;78;0;0;0;0
12;1;0;0;1;14;196;1;1,55809998512268;31;78;0;0;0;0
8;0;0;0;1;37;1369;1;2,39790010452271;50;78;0;0;0;0
12;0;0;1;1;28;784;0;1,60940003395081;45;78;0;0;0;0
13;0;0;1;1;8;64;1;1,74919998645782;26;78;0;0;0;0
12;0;0;0;1;36;1296;1;1,62919998168945;53;78;0;0;0;0
12;0;0;1;0;1;1;0;1,25279998779297;18;78;0;0;0;0
12;0;0;1;0;17;289;0;1,60940003395081;34;78;0;0;0;0
15;0;0;0;0;5;25;0;1,32179999351501;25;78;0;0;0;0
12;0;0;1;1;4;16;0;1,25279998779297;21;78;0;0;0;0
12;0;0;0;1;15;225;1;1,90209996700287;32;78;0;0;0;0
8;1;0;0;1;18;324;0;,992500007152557;31;78;0;0;0;0
16;1;0;0;1;2;4;0;1,38629996776581;23;78;0;0;0;0
16;1;0;0;1;6;36;0;1,89709997177124;27;78;0;0;0;0
12;1;0;1;1;23;529;0;1,72720003128052;40;78;0;0;0;0
12;1;0;1;0;12;144;0;,97460001707077;29;78;0;0;0;0
12;1;0;0;1;20;400;1;2,30259990692139;37;78;0;0;0;0
16;1;0;0;1;17;289;0;2,30259990692139;38;78;0;0;0;0
16;0;0;1;1;8;64;0;2,04119992256165;29;78;0;0;0;0
12;0;0;1;0;4;16;0;1,53149998188019;21;78;0;0;0;0
12;0;1;0;0;13;169;0;1,38629996776581;30;78;0;0;0;0
16;0;0;0;0;12;144;0;2,04679989814758;33;78;0;0;0;0
15;0;0;0;0;17;289;0;2,28999996185303;37;78;0;0;0;0
17;0;0;1;1;8;64;0;1,8717999458313;30;78;0;0;0;0
10;0;0;0;1;42;1764;0;1,86539995670319;57;78;0;0;0;0
10;0;0;0;0;5;25;1;1,73090004920959;20;78;0;0;0;0
16;0;0;0;0;18;324;1;1,97409999370575;39;78;0;0;0;0
12;0;0;1;0;3;9;0;1,44690001010895;20;78;0;0;0;0
8;0;0;0;0;22;484;0;1,42709994316101;35;78;0;0;0;0
12;0;0;1;1;18;324;0;1,26489996910095;35;78;0;0;0;0
12;0;0;0;1;8;64;0;1,96360003948212;25;78;0;0;0;0
15;0;0;0;1;1;1;0;1,72720003128052;21;78;0;0;0;0
15;0;0;1;0;4;16;0;1,48580002784729;24;78;0;0;0;0
12;0;0;0;1;11;121;0;1,38629996776581;28;78;0;0;0;0
12;0;0;0;1;45;2025;1;2,15179991722107;62;78;0;0;0;0
12;0;0;0;1;35;1225;0;2,10190010070801;52;78;0;0;0;0
11;1;1;0;0;22;484;0;1,01160001754761;38;78;0;0;0;0
12;1;0;1;1;13;169;0;1,72720003128052;30;78;0;0;0;0
14;1;0;0;1;34;1156;0;3,35139989852905;53;78;0;0;0;0
10;1;0;0;1;9;81;1;1,32179999351501;24;78;0;0;0;0
10;1;0;0;1;36;1296;0;1,79180002212524;51;78;0;0;0;0
10;1;0;0;1;14;196;0;1,60940003395081;29;78;0;0;0;0
12;0;0;1;1;2;4;0;1,12909996509552;19;78;0;0;0;0
8;0;0;0;1;32;1024;1;1,64869999885559;45;78;0;0;0;0
14;0;0;1;0;39;1521;0;1,94589996337891;58;78;0;0;0;0
12;0;0;1;1;9;81;0;,865000009536743;26;78;0;0;0;0
18;0;0;0;1;3;9;0;1,93729996681213;26;78;0;0;0;0
10;0;0;0;1;8;64;0;,865000009536743;23;78;0;0;0;0
16;0;0;0;1;7;49;0;1,38059997558594;28;78;0;0;0;0
14;0;0;0;1;7;49;0;1,60940003395081;26;78;0;0;0;0
13;0;0;0;1;4;16;0;1,83259999752045;22;78;0;0;0;0
16;0;0;0;0;5;25;0;1,66770005226135;26;78;0;0;0;0
14;1;1;0;0;6;36;0;1,09860002994537;25;78;0;0;0;0
12;1;0;0;1;37;1369;0;1,87950003147125;54;78;0;0;0;0
6;1;1;0;0;11;121;0;1,09860002994537;22;78;0;0;0;0
8;1;0;1;0;41;1681;1;1,60940003395081;54;78;0;0;0;0
12;1;1;1;0;30;900;0;2,74440002441406;47;78;0;0;0;0
16;1;0;0;1;13;169;0;2,16380000114441;34;78;0;0;0;0
18;0;0;1;0;4;16;0;1,60940003395081;27;78;0;0;0;0
12;0;0;1;1;16;256;0;1,72720003128052;33;78;0;0;0;0
13;0;0;0;1;8;64;1;1,30830001831055;26;78;0;0;0;0
16;0;0;0;1;32;1024;0;2,01489996910095;53;78;0;0;0;0
12;0;0;1;0;6;36;0;,970399975776672;23;78;0;0;0;0
14;0;0;1;1;30;900;0;1,36099994182587;49;78;0;0;0;0
12;0;0;1;0;1;1;0;1,09860002994537;18;78;0;0;0;0
12;0;0;0;0;4;16;1;1,64869999885559;21;78;0;0;0;0
13;0;0;0;1;41;1681;1;2,69120001792908;59;78;0;0;0;0
12;0;0;0;1;22;484;1;2,04119992256165;39;78;0;0;0;0
12;0;0;0;1;22;484;0;1,76189994812012;39;78;0;0;0;0
15;0;0;0;1;31;961;1;2,52570009231567;51;78;0;0;0;0
16;0;0;1;0;2;4;1;1,85239994525909;23;78;0;0;0;0
15;0;0;0;1;19;361;1;2,07940006256104;39;78;0;0;0;0
12;0;0;1;1;14;196;0;1,81009995937347;31;78;0;0;0;0
11;0;0;1;0;16;256;0;1,2039999961853;32;78;0;0;0;0
12;1;0;0;0;3;9;0;1,34660005569458;20;78;0;0;0;0
12;1;0;0;1;3;9;1;1,51460003852844;20;78;0;0;0;0
8;1;0;0;1;30;900;1;2,11019992828369;43;78;0;0;0;0
12;1;0;1;0;3;9;0;,916299998760223;20;78;0;0;0;0
4;1;1;0;1;55;3025;0;1,14740002155304;64;78;0;0;0;0
12;1;0;0;0;3;9;0;1,13940000534058;20;78;0;0;0;0
11;1;0;0;1;19;361;1;2,52570009231567;35;78;0;0;0;0
9;1;0;1;0;27;729;1;1,45529997348785;41;78;0;0;0;0
12;1;0;0;1;9;81;1;1,79180002212524;26;78;0;0;0;0
12;0;1;0;0;13;169;0;1,43509995937347;30;78;0;0;0;0
16;0;0;0;1;31;961;0;2,54940009117126;52;78;0;0;0;0
12;0;0;1;0;16;256;0;1,54219996929169;33;78;0;0;0;0
11;0;0;0;0;4;16;0;,97460001707077;20;78;0;0;0;0
16;0;0;0;1;3;9;0;2,00149989128113;24;78;0;0;0;0
16;0;0;1;0;4;16;0;1,44690001010895;25;78;0;0;0;0
12;0;0;1;1;36;1296;1;1,32179999351501;53;78;0;0;0;0
9;1;0;0;1;6;36;0;1,60940003395081;20;78;0;0;0;0
12;1;0;0;1;19;361;0;1,9867000579834;36;78;0;0;0;0
18;1;0;0;1;14;196;0;2,06690001487732;37;78;0;0;0;0
12;0;0;0;1;38;1444;0;1,46099996566772;55;78;0;0;0;0
13;0;0;0;1;8;64;1;1,81009995937347;26;78;0;0;0;0
12;0;0;1;1;4;16;0;1,55809998512268;21;78;0;0;0;0
15;0;0;0;0;12;144;0;1,83259999752045;32;78;0;0;0;0
12;0;0;0;1;41;1681;0;2,44449996948242;58;78;0;0;0;0
12;0;0;1;1;24;576;0;1,74300003051758;41;78;0;0;0;0
11;0;0;0;1;17;289;0;1,79180002212524;33;78;0;0;0;0
12;0;0;1;1;8;64;0;1,17869997024536;25;78;0;0;0;0
12;0;0;0;0;2;4;0;1,38629996776581;19;78;0;0;0;0
12;0;0;0;1;2;4;0;1,24479997158051;19;78;0;0;0;0
12;0;0;1;1;39;1521;0;1,44690001010895;56;78;0;0;0;0
12;0;0;0;1;6;36;0;2,52570009231567;23;78;0;0;0;0
9;0;0;1;1;34;1156;0;1,02960002422333;48;78;0;0;0;0
17;0;0;0;1;14;196;0;2,01489996910095;36;78;0;0;0;0
17;0;0;0;1;7;49;0;2,09489989280701;29;78;0;0;0;0
10;0;0;1;0;46;2116;0;,994300007820129;61;78;0;0;0;0
18;0;0;0;1;4;16;0;1,92789995670319;27;78;0;0;0;0
12;0;0;1;1;12;144;0;,559599995613098;29;78;0;0;0;0
12;0;0;1;1;6;36;0;1,21640002727509;23;78;0;0;0;0
6;0;0;0;1;15;225;0;1,44690001010895;26;78;0;0;0;0
13;0;0;0;1;12;144;1;1,50409996509552;30;78;0;0;0;0
17;0;0;0;1;15;225;0;2,16910004615784;37;78;0;0;0;0
12;0;0;0;1;15;225;0;2,07940006256104;32;78;0;0;0;0
12;0;1;1;1;12;144;1;1,11510002613068;29;78;0;0;0;0
12;0;0;0;1;23;529;0;1,67900002002716;40;78;0;0;0;0
14;0;0;0;0;41;1681;0;2,18479990959167;60;78;0;0;0;0
12;0;0;1;0;42;1764;0;1,50409996509552;59;78;0;0;0;0
12;0;0;0;1;10;100;0;1,70469999313354;27;78;0;0;0;0
10;0;0;0;1;20;400;0;1,45860004425049;35;78;0;0;0;0
13;0;0;0;1;4;16;1;1,72969996929169;22;78;0;0;0;0
16;0;0;1;1;11;121;1;1,83259999752045;32;78;0;0;0;0
12;0;0;1;0;6;36;0;1,13940000534058;23;78;0;0;0;0
14;0;0;0;1;19;361;0;1,24960005283356;38;78;0;0;0;0
12;0;0;0;1;32;1024;0;2,24009990692139;49;78;0;0;0;0
12;0;0;0;1;21;441;0;1,38629996776581;38;78;0;0;0;0
11;0;0;0;1;39;1521;0;1,21640002727509;55;78;0;0;0;0
18;0;0;0;1;15;225;0;2,08150005340576;38;78;0;0;0;0
12;0;0;1;1;25;625;1;1,59430003166199;42;78;0;0;0;0
12;0;0;1;0;18;324;0;1,07330000400543;35;78;0;0;0;0
12;0;0;1;1;21;441;0;1,70469999313354;38;78;0;0;0;0
17;0;0;1;1;11;121;1;2,24370002746582;33;78;0;0;0;0
14;0;0;0;0;6;36;0;1,13940000534058;25;78;0;0;0;0
12;0;1;0;0;5;25;1;,875500023365021;22;78;0;0;0;0
15;1;1;1;1;12;144;0;2,10409998893738;32;78;0;0;0;0
8;1;1;0;1;44;1936;0;1,09860002994537;57;78;0;0;0;0
16;1;1;1;0;7;49;0;2,16910004615784;28;78;0;0;0;0
16;1;1;1;0;25;625;0;1,34809994697571;46;78;0;0;0;0
12;0;0;1;0;5;25;1;1,09860002994537;22;78;0;0;0;0
12;0;0;0;1;27;729;0;2,07940006256104;44;78;0;0;0;0
10;0;0;1;0;36;1296;1;1,29359996318817;51;78;0;0;0;0
12;0;0;0;0;31;961;0;2,14010000228882;48;78;0;0;0;0
14;0;0;0;0;27;729;0;2,40490007400513;46;78;0;0;0;0
13;0;0;1;1;44;1936;0;1,39869999885559;62;78;0;0;0;0
16;0;0;1;0;7;49;0;1,42910003662109;28;78;0;0;0;0
12;0;0;0;0;13;169;1;1,99129998683929;30;78;0;0;0;0
14;0;0;1;1;36;1296;0;1,35450005531311;55;78;0;0;0;0
12;0;0;1;0;4;16;0;1,26689994335175;21;78;0;0;0;0
12;0;0;0;1;30;900;1;2,04769992828369;47;78;0;0;0;0
10;0;0;0;1;16;256;0;1,60940003395081;31;78;0;0;0;0
17;0;0;0;1;15;225;1;2,01489996910095;37;78;0;0;0;0
13;0;0;1;0;2;4;0;,972500026226044;20;78;0;0;0;0
12;0;0;0;1;32;1024;1;1,83259999752045;49;78;0;0;0;0
12;0;0;0;1;9;81;0;1,2039999961853;26;78;0;0;0;0
18;0;0;0;1;21;441;0;2,30259990692139;44;78;0;0;0;0
12;0;0;1;1;4;16;0;1,25279998779297;21;78;0;0;0;0
13;0;0;1;1;35;1225;0;1,50409996509552;53;78;0;0;0;0
14;0;0;1;1;5;25;0;1,38629996776581;24;78;0;0;0;0
12;0;0;1;0;1;1;0;1,01160001754761;18;78;0;0;0;0
10;0;0;0;0;3;9;0;1,36570000648499;18;78;0;0;0;0
12;0;0;1;0;3;9;0;1,32179999351501;20;78;0;0;0;0
12;0;0;0;1;21;441;0;2,30259990692139;38;78;0;0;0;0
12;0;0;0;1;6;36;0;2,01489996910095;23;78;0;0;0;0
18;1;0;0;0;34;1156;0;3,2179000377655;57;78;0;0;0;0
12;1;0;1;0;22;484;0;1,60940003395081;39;78;0;0;0;0
17;1;0;0;1;16;256;0;2,58400011062622;38;78;0;0;0;0
13;0;0;1;0;4;16;0;1,32179999351501;22;78;0;0;0;0
18;0;0;0;1;15;225;0;2,10190010070801;38;78;0;0;0;0
13;0;0;0;1;26;676;0;1,67840003967285;44;78;0;0;0;0
17;0;0;1;1;19;361;1;1,74919998645782;41;78;0;0;0;0
7;0;0;0;1;43;1849;0;,97460001707077;55;78;0;0;0;0
8;0;0;0;1;18;324;0;1,8717999458313;31;78;0;0;0;0
17;0;0;0;1;10;100;1;1,60940003395081;32;78;0;0;0;0
10;0;0;0;0;3;9;0;,798500001430511;18;78;0;0;0;0
9;0;0;0;1;46;2116;0;1,2039999961853;60;78;0;0;0;0
12;0;0;1;1;10;100;1;1,41709995269775;27;78;0;0;0;0
17;0;0;0;1;5;25;1;1,88709998130798;27;78;0;0;0;0
14;0;0;0;0;5;25;0;1,65030002593994;24;78;0;0;0;0
12;0;0;1;0;7;49;0;1,19249999523163;24;78;0;0;0;0
12;0;0;0;1;15;225;1;2,39330005645752;32;78;0;0;0;0
12;0;0;0;1;31;961;1;2,18889999389648;48;78;0;0;0;0
12;0;0;0;1;39;1521;0;2,52570009231567;56;78;0;0;0;0
14;0;0;0;1;8;64;0;1,60940003395081;27;78;0;0;0;0
13;0;0;1;1;28;784;0;,916299998760223;46;78;0;0;0;0
16;0;0;1;0;10;100;1;2,41449999809265;31;78;0;0;0;0
12;0;0;0;1;36;1296;1;2,52570009231567;53;78;0;0;0;0
15;0;0;1;1;3;9;1;2,07940006256104;23;78;0;0;0;0
12;0;0;0;1;27;729;1;2,65829992294312;44;78;0;0;0;0
8;0;0;0;1;47;2209;1;2,47440004348755;60;78;0;0;0;0
12;0;0;1;0;39;1521;1;2,63910007476807;56;78;0;0;0;0
15;0;0;0;0;12;144;0;2,52570009231567;32;78;0;0;0;0
10;0;0;0;1;27;729;0;2,19720005989075;43;85;1;0;10;0
12;0;0;0;1;20;400;0;1,70469999313354;38;85;1;0;12;0
12;0;0;1;0;4;16;0;1,33500003814697;22;85;1;1;12;0
12;0;0;1;1;29;841;0;2,35139989852905;47;85;1;1;12;0
12;0;0;0;1;40;1600;1;2,70799994468689;58;85;1;0;12;1
16;0;0;1;1;27;729;0;2,19720005989075;49;85;1;1;16;0
12;0;0;1;1;5;25;1;2,25859999656677;23;85;1;1;12;1
14;0;0;0;0;22;484;0;2,70799994468689;42;85;1;0;14;0
8;0;0;0;1;42;1764;0;2,39790010452271;56;85;1;0;8;0
12;0;0;1;1;14;196;0;1,60940003395081;32;85;1;1;12;0
17;0;0;0;1;18;324;0;3,2179000377655;41;85;1;0;17;0
17;0;0;0;0;3;9;0;3,01550006866455;26;85;1;0;17;0
14;0;0;0;0;4;16;1;3,21889996528625;24;85;1;0;14;1
14;0;0;0;0;14;196;0;2,63759994506836;34;85;1;0;14;0
12;0;0;0;1;35;1225;0;1,25279998779297;53;85;1;0;12;0
14;0;0;0;0;0;0;0;1,60940003395081;20;85;1;0;14;0
16;0;0;0;1;7;49;1;2,30259990692139;29;85;1;0;16;1
16;0;1;0;1;26;676;1;2,70799994468689;48;85;1;0;16;1
13;0;1;0;0;3;9;0;1,76300001144409;22;85;1;0;13;0
13;0;0;0;0;16;256;0;2,20830011367798;35;85;1;0;13;0
17;0;1;1;1;32;1024;0;2,4203999042511;55;85;1;1;17;0
12;0;1;0;1;25;625;1;2,56489992141724;43;85;1;0;12;1
14;0;0;1;0;15;225;1;2,07940006256104;35;85;1;1;14;1
12;0;0;1;1;38;1444;0;1,4539999961853;56;85;1;1;12;0
16;0;1;0;1;17;289;0;2,06369996070862;39;85;1;0;16;0
12;0;0;1;0;7;49;0;1,93789994716644;25;85;1;1;12;0
17;0;0;1;0;5;25;0;3,2179000377655;28;85;1;1;17;0
14;0;0;0;1;22;484;0;2,30259990692139;42;85;1;0;14;0
14;0;0;0;1;21;441;0;2,62100005149841;41;85;1;0;14;0
13;0;0;1;1;2;4;0;1,72720003128052;21;85;1;1;13;0
14;0;1;0;1;16;256;0;2,68580007553101;36;85;1;0;14;0
16;0;0;0;1;18;324;0;3,2179000377655;40;85;1;0;16;0
12;0;0;0;1;14;196;0;2,48489999771118;32;85;1;0;12;0
18;0;0;0;1;12;144;0;2,70799994468689;36;85;1;0;18;0
16;0;0;0;0;3;9;0;1,75349998474121;25;85;1;0;16;0
17;0;0;1;1;13;169;0;2,53769993782043;36;85;1;1;17;0
16;0;0;1;0;42;1764;0;2,46050000190735;64;85;1;1;16;0
12;0;0;0;1;8;64;0;2,56489992141724;26;85;1;0;12;0
15;0;0;1;1;6;36;0;2,52570009231567;27;85;1;1;15;0
16;0;0;0;1;22;484;0;3,11350011825562;44;85;1;0;16;0
16;0;1;1;0;3;9;0;2,4203999042511;25;85;1;1;16;0
16;0;0;0;1;33;1089;0;2,73309993743896;55;85;1;0;16;0
13;0;0;1;0;8;64;1;2,04119992256165;27;85;1;1;13;1
12;0;0;0;1;26;676;0;2,47149991989136;44;85;1;0;12;0
14;0;0;0;1;0;0;0;1,60940003395081;20;85;1;0;14;0
12;0;0;0;1;28;784;0;1,8717999458313;46;85;1;0;12;0
8;0;0;0;1;33;1089;1;2,19720005989075;47;85;1;0;8;1
12;0;0;0;0;0;0;0;1,20899999141693;18;85;1;0;12;0
12;0;0;1;1;7;49;0;1,50409996509552;25;85;1;1;12;0
14;0;0;1;1;12;144;0;2,35389995574951;32;85;1;1;14;0
9;0;0;0;1;47;2209;1;1,25279998779297;62;85;1;0;9;1
16;0;0;0;1;12;144;0;2,70799994468689;34;85;1;0;16;0
12;0;0;1;0;25;625;0;2,14010000228882;43;85;1;1;12;0
12;0;0;1;1;44;1936;0;2,21589994430542;62;85;1;1;12;0
9;0;0;0;0;33;1089;1;2,26180005073547;48;85;1;0;9;1
8;0;0;1;1;22;484;0;1,92789995670319;36;85;1;1;8;0
18;0;0;1;1;14;196;0;2,63549995422363;38;85;1;1;18;0
14;0;1;0;0;22;484;0;2,30259990692139;42;85;1;0;14;0
12;0;0;1;0;41;1681;0;1,32179999351501;59;85;1;1;12;0
12;0;0;1;0;8;64;0;2,07940006256104;26;85;1;1;12;0
12;0;0;1;1;43;1849;0;2,45670008659363;61;85;1;1;12;0
8;0;1;1;0;29;841;0;2,18440008163452;43;85;1;1;8;0
12;0;1;0;0;6;36;1;1,38629996776581;24;85;1;0;12;1
12;0;1;1;0;21;441;0;1,70469999313354;39;85;1;1;12;0
16;0;1;0;0;3;9;0;1,20899999141693;25;85;1;0;16;0
12;0;0;1;1;40;1600;0;2,38050007820129;58;85;1;1;12;0
12;0;0;0;1;5;25;0;1,94589996337891;23;85;1;0;12;0
13;0;0;0;1;34;1156;1;2,30259990692139;53;85;1;0;13;1
16;0;0;1;1;10;100;0;1,68640005588531;32;85;1;1;16;0
12;0;0;1;0;10;100;0;2,01489996910095;28;85;1;1;12;0
12;0;0;0;1;41;1681;1;2,4203999042511;59;85;1;0;12;1
10;0;0;1;1;25;625;1;2,30259990692139;41;85;1;1;10;1
13;0;0;0;0;0;0;0;1,38629996776581;19;85;1;0;13;0
18;0;0;0;1;14;196;1;2,60369992256165;38;85;1;0;18;1
12;0;0;0;0;22;484;0;1,90950000286102;40;85;1;0;12;0
14;0;0;1;1;32;1024;0;2,65930008888245;52;85;1;1;14;0
15;0;0;1;1;9;81;0;2,27729988098145;30;85;1;1;15;0
12;0;0;1;0;0;0;0;1,20899999141693;18;85;1;1;12;0
8;0;0;1;0;49;2401;0;1,22379994392395;63;85;1;1;8;0
14;0;0;1;1;32;1024;0;1,72720003128052;52;85;1;1;14;0
12;0;0;0;1;7;49;1;1,94589996337891;25;85;1;0;12;1
16;0;0;1;1;10;100;0;2,30259990692139;32;85;1;1;16;0
10;0;0;1;0;44;1936;1;1,80830001831055;60;85;1;1;10;1
12;0;0;1;1;27;729;0;1,42789995670319;45;85;1;1;12;0
12;0;0;1;1;16;256;0;1,5686000585556;34;85;1;1;12;0
12;0;0;0;1;3;9;0;1,74919998645782;21;85;1;0;12;0
12;0;0;0;1;8;64;0;1,55809998512268;26;85;1;0;12;0
17;0;0;0;1;7;49;1;2,23799991607666;30;85;1;0;17;1
12;0;0;1;0;8;64;0;1,65820002555847;26;85;1;1;12;0
9;0;0;1;1;42;1764;0;1,59940004348755;57;85;1;1;9;0
16;0;0;1;1;11;121;0;2,96399998664856;33;85;1;1;16;0
12;0;0;0;1;23;529;0;2,99469995498657;41;85;1;0;12;0
12;0;0;0;0;4;16;0;1,38629996776581;22;85;1;0;12;0
12;0;0;1;0;0;0;0;1,60940003395081;18;85;1;1;12;0
14;0;0;0;1;25;625;0;2,35899996757507;45;85;1;0;14;0
12;0;1;0;0;22;484;1;2,30259990692139;40;85;1;0;12;1
14;0;0;1;0;15;225;0;1,99810004234314;35;85;1;1;14;0
15;0;0;0;0;10;100;0;2,52570009231567;31;85;1;0;15;0
16;0;0;1;0;20;400;0;1,38629996776581;42;85;1;1;16;0
12;0;0;1;1;24;576;0;2,71009993553162;42;85;1;1;12;0
12;1;0;0;1;12;144;0;2,77259993553162;30;85;1;0;12;0
12;1;0;1;0;12;144;0;1,26979994773865;30;85;1;1;12;0
12;1;0;0;0;16;256;0;1,50409996509552;34;85;1;0;12;0
12;1;0;1;0;4;16;0;1,51510000228882;22;85;1;1;12;0
12;1;0;1;1;43;1849;0;1,28090000152588;61;85;1;1;12;0
12;1;0;1;1;14;196;0;2,07940006256104;32;85;1;1;12;0
12;1;0;1;0;10;100;0;1,55809998512268;28;85;1;1;12;0
12;1;0;0;1;2;4;0;1,90659999847412;20;85;1;0;12;0
12;1;0;0;1;28;784;0;2,40790009498596;46;85;1;0;12;0
7;1;0;1;1;15;225;0;1,79180002212524;28;85;1;1;7;0
12;1;0;0;1;20;400;0;2,30259990692139;38;85;1;0;12;0
12;1;0;1;1;30;900;0;2,4203999042511;48;85;1;1;12;0
12;1;0;1;1;9;81;0;1,37370002269745;27;85;1;1;12;0
16;1;1;0;1;13;169;0;2,86220002174377;35;85;1;0;16;0
13;1;0;1;0;1;1;0;1,26689994335175;20;85;1;1;13;0
16;1;0;0;0;8;64;0;1,79180002212524;30;85;1;0;16;0
14;1;0;0;1;15;225;0;3,09100008010864;35;85;1;0;14;0
12;1;0;1;0;6;36;0;1,83259999752045;24;85;1;1;12;0
7;1;0;0;1;14;196;0;1,50409996509552;27;85;1;0;7;0
13;1;0;1;0;28;784;0;2,33410000801086;47;85;1;1;13;0
14;1;0;0;1;10;100;0;2,50139999389648;30;85;1;0;14;0
17;1;0;0;0;14;196;0;2,89939999580383;37;85;1;0;17;0
16;1;0;0;1;10;100;0;2,70799994468689;32;85;1;0;16;0
13;1;0;1;1;10;100;0;2,16910004615784;29;85;1;1;13;0
14;1;0;0;1;44;1936;0;2,99469995498657;64;85;1;0;14;0
16;0;0;1;0;10;100;1;1,89709997177124;32;85;1;1;16;1
14;0;0;0;1;22;484;1;2,26440000534058;42;85;1;0;14;1
11;0;0;0;1;18;324;1;1,70469999313354;35;85;1;0;11;1
12;0;0;1;0;9;81;0;2,07940006256104;27;85;1;1;12;0
18;0;0;1;1;19;361;0;2,99569988250732;43;85;1;1;18;0
17;0;0;1;1;14;196;0;2,25130009651184;37;85;1;1;17;0
16;0;0;1;0;6;36;1;2,46720004081726;28;85;1;1;16;1
16;0;0;1;0;17;289;0;2,63109993934631;39;85;1;1;16;0
11;0;0;1;1;24;576;0;1,70469999313354;41;85;1;1;11;0
11;0;0;1;0;12;144;0;1,94589996337891;29;85;1;1;11;0
12;0;0;1;1;38;1444;0;2,26699995994568;56;85;1;1;12;0
15;0;0;1;0;33;1089;0;2,36179995536804;54;85;1;1;15;0
2;0;0;0;0;16;256;0;1,32179999351501;24;85;1;0;2;0
14;0;0;1;1;10;100;0;2,48489999771118;30;85;1;1;14;0
14;0;0;1;1;14;196;0;2,14709997177124;34;85;1;1;14;0
14;0;0;0;0;16;256;0;2,78130006790161;36;85;1;0;14;0
11;0;0;0;0;11;121;0;1,32179999351501;28;85;1;0;11;0
16;0;1;1;1;6;36;0;2,19720005989075;28;85;1;1;16;0
12;0;1;1;1;33;1089;0;2,57450008392334;51;85;1;1;12;0
16;0;0;0;0;10;100;0;2,58019995689392;32;85;1;0;16;0
12;0;0;0;0;19;361;0;2,22460007667542;37;85;1;0;12;0
12;0;0;0;0;4;16;0;1,60940003395081;22;85;1;0;12;0
17;0;0;1;0;3;9;1;1,79180002212524;26;85;1;1;17;1
12;0;0;1;1;32;1024;0;1,94589996337891;50;85;1;1;12;0
8;0;0;0;1;19;361;0;1,54760003089905;33;85;1;0;8;0
16;0;0;1;1;22;484;0;2,01489996910095;44;85;1;1;16;0
18;0;0;0;1;33;1089;0;1,94589996337891;57;85;1;0;18;0
18;0;0;0;1;19;361;0;2,41739988327026;43;85;1;0;18;0
18;0;0;0;1;3;9;0;1,74300003051758;27;85;1;0;18;0
12;0;0;0;1;12;144;0;1,70469999313354;30;85;1;0;12;0
12;0;0;0;1;16;256;0;2,19720005989075;34;85;1;0;12;0
12;0;0;1;1;4;16;0;1,41709995269775;22;85;1;1;12;0
12;0;0;0;1;11;121;1;2,30259990692139;29;85;1;0;12;1
12;0;0;0;1;17;289;0;2,01489996910095;35;85;1;0;12;0
11;0;0;0;0;16;256;0;1,29470002651215;33;85;1;0;11;0
12;0;0;0;1;18;324;0;2,18479990959167;36;85;1;0;12;0
18;0;0;0;1;15;225;0;2,89039993286133;39;85;1;0;18;0
14;0;1;0;0;0;0;0;1,20899999141693;20;85;1;0;14;0
16;0;1;0;0;8;64;0;2,59899997711182;30;85;1;0;16;0
16;0;0;0;1;17;289;0;3,11350011825562;39;85;1;0;16;0
18;0;0;0;0;13;169;0;2,94440007209778;37;85;1;0;18;0
12;0;0;1;1;18;324;0;2,18939995765686;36;85;1;1;12;0
11;0;1;1;1;16;256;0;1,94589996337891;33;85;1;1;11;0
14;0;0;1;0;24;576;0;1,42709994316101;44;85;1;1;14;0
12;0;0;0;1;23;529;0;2,28539991378784;41;85;1;0;12;0
12;0;0;0;0;1;1;0;1,89709997177124;19;85;1;0;12;0
12;0;0;1;1;10;100;1;1,94589996337891;28;85;1;1;12;1
12;0;0;1;1;42;1764;0;1,29100000858307;60;85;1;1;12;0
18;0;0;1;0;37;1369;0;3,12789988517761;61;85;1;1;18;0
12;0;0;1;1;14;196;0;1,60940003395081;32;85;1;1;12;0
18;0;0;0;1;14;196;0;3,11350011825562;38;85;1;0;18;0
12;0;0;1;1;11;121;0;2,48489999771118;29;85;1;1;12;0
12;0;0;1;1;38;1444;0;1,83739995956421;56;85;1;1;12;0
12;0;0;1;0;3;9;0;1,50409996509552;21;85;1;1;12;0
12;0;0;0;1;9;81;0;1,79180002212524;27;85;1;0;12;0
10;0;0;0;1;13;169;0;1,90950000286102;29;85;1;0;10;0
12;0;0;0;0;9;81;0;2,16910004615784;27;85;1;0;12;0
16;0;0;0;1;11;121;0;2,58590006828308;33;85;1;0;16;0
13;0;0;1;1;30;900;0;1,83259999752045;49;85;1;1;13;0
12;0;0;1;0;15;225;1;2,19609999656677;33;85;1;1;12;1
14;0;0;0;0;2;4;0;2,01489996910095;22;85;1;0;14;0
17;0;0;1;1;24;576;0;2,48489999771118;47;85;1;1;17;0
18;0;0;1;0;31;961;1;2,63910007476807;55;85;1;1;18;1
14;0;0;0;0;19;361;0;2,79879999160767;39;85;1;0;14;0
14;0;0;0;0;2;4;0;1,83259999752045;22;85;1;0;14;0
12;0;0;0;1;4;16;1;2,35139989852905;22;85;1;0;12;1
9;0;0;1;1;46;2116;1;2,25130009651184;61;85;1;1;9;1
6;0;0;1;1;43;1849;1;1,09860002994537;55;85;1;1;6;1
14;0;0;1;1;13;169;0;2,22140002250671;33;85;1;1;14;0
12;0;0;1;0;15;225;0;1,38629996776581;33;85;1;1;12;0
12;0;0;1;0;16;256;0;1,33500003814697;34;85;1;1;12;0
12;0;0;1;1;19;361;0;1,79180002212524;37;85;1;1;12;0
12;0;0;1;1;28;784;0;1,60940003395081;46;85;1;1;12;0
12;0;0;0;1;42;1764;0;2,70799994468689;60;85;1;0;12;0
11;0;0;1;0;45;2025;1;1,71379995346069;62;85;1;1;11;1
16;0;1;0;1;7;49;0;2,19720005989075;29;85;1;0;16;0
17;0;0;0;1;31;961;0;3,2179000377655;54;85;1;0;17;0
12;0;0;1;1;24;576;0;2,1389000415802;42;85;1;1;12;0
14;0;0;1;1;17;289;0;1,60940003395081;37;85;1;1;14;0
12;0;0;0;1;26;676;1;3,10010004043579;44;85;1;0;12;1
16;0;1;0;1;5;25;1;2,22350001335144;27;85;1;0;16;1
16;0;0;1;1;17;289;0;2,07940006256104;39;85;1;1;16;0
10;1;0;1;0;33;1089;0;1,25279998779297;49;85;1;1;10;0
13;1;0;1;1;2;4;0;1,20899999141693;21;85;1;1;13;0
16;1;1;1;1;14;196;0;1,20899999141693;36;85;1;1;16;0
16;1;0;1;1;28;784;1;2,99569988250732;50;85;1;1;16;1
12;1;0;1;0;46;2116;0;1,38629996776581;64;85;1;1;12;0
16;1;0;0;1;38;1444;0;2,89039993286133;60;85;1;0;16;0
13;1;0;1;0;0;0;0;1,50409996509552;19;85;1;1;13;0
12;1;0;1;0;1;1;0;2,05570006370544;19;85;1;1;12;0
12;1;0;1;1;5;25;0;,559599995613098;23;85;1;1;12;0
18;1;0;1;1;13;169;0;1,64869999885559;37;85;1;1;18;0
10;1;0;0;0;19;361;0;2,16910004615784;35;85;1;0;10;0
12;1;0;0;1;5;25;0;1,60940003395081;23;85;1;0;12;0
12;1;1;1;1;6;36;0;1,32179999351501;24;85;1;1;12;0
13;1;0;0;1;9;81;0;1,78340005874634;28;85;1;0;13;0
12;1;0;0;0;7;49;0;1,38629996776581;25;85;1;0;12;0
3;1;0;0;1;55;3025;0;1,94589996337891;64;85;1;0;3;0
17;1;0;1;0;1;1;0;1,60940003395081;24;85;1;1;17;0
6;1;1;1;0;33;1089;0;1,5304000377655;45;85;1;1;6;0
12;1;0;1;1;21;441;0;1,74919998645782;39;85;1;1;12;0
18;0;0;0;1;29;841;0;3,2179000377655;53;85;1;0;18;0
18;0;0;0;1;7;49;0;2,75929999351501;31;85;1;0;18;0
16;0;0;0;0;10;100;0;2,74440002441406;32;85;1;0;16;0
16;0;0;0;0;9;81;0;1,20899999141693;31;85;1;0;16;0
18;0;0;0;1;7;49;0;2,89939999580383;31;85;1;0;18;0
18;0;0;0;0;33;1089;1;2,07940006256104;57;85;1;0;18;1
13;0;0;0;0;31;961;0;1,79180002212524;50;85;1;0;13;0
18;0;0;0;1;5;25;0;2,8478000164032;29;85;1;0;18;0
16;0;0;1;0;2;4;0;1,70469999313354;24;85;1;1;16;0
12;0;0;0;0;20;400;0;2,0346999168396;38;85;1;0;12;0
16;0;1;0;0;4;16;0;1,83259999752045;26;85;1;0;16;0
12;0;0;1;1;45;2025;0;1,85629999637604;63;85;1;1;12;0
12;0;0;1;1;24;576;0;1,88390004634857;42;85;1;1;12;0
12;0;0;0;1;43;1849;0;2,52570009231567;61;85;1;0;12;0
18;0;0;0;1;10;100;0;2,5903000831604;34;85;1;0;18;0
12;0;0;0;0;3;9;0;1,70469999313354;21;85;1;0;12;0
15;0;0;0;0;5;25;0;2,4203999042511;26;85;1;0;15;0
12;0;0;1;0;45;2025;0;2,36319994926453;63;85;1;1;12;0
12;0;1;1;1;43;1849;1;2,07940006256104;61;85;1;1;12;1
17;0;0;1;1;26;676;1;2,32240009307861;49;85;1;1;17;1
12;0;0;1;1;42;1764;0;1,7561000585556;60;85;1;1;12;0
12;0;0;0;1;37;1369;0;1,98790001869202;55;85;1;0;12;0
14;0;0;1;0;1;1;0;3,79550004005432;21;85;1;1;14;0
13;0;0;1;1;14;196;0;2,35139989852905;33;85;1;1;13;0
12;0;0;0;1;8;64;0;2,23639988899231;26;85;1;0;12;0
12;0;0;1;1;24;576;0;1,64869999885559;42;85;1;1;12;0
12;0;0;1;1;20;400;0;1,44690001010895;38;85;1;1;12;0
17;0;0;1;0;13;169;1;2,76950001716614;36;85;1;1;17;1
15;0;0;0;1;12;144;0;3,11350011825562;33;85;1;0;15;0
16;1;0;1;1;4;16;0;1,60940003395081;26;85;1;1;16;0
12;1;1;0;1;14;196;0;1,66770005226135;32;85;1;0;12;0
18;1;0;0;1;14;196;0;1,83259999752045;38;85;1;0;18;0
18;1;0;1;0;13;169;0;2,30259990692139;37;85;1;1;18;0
12;1;0;0;1;20;400;0;1,70469999313354;38;85;1;0;12;0
9;1;0;1;1;30;900;0;1,91690003871918;45;85;1;1;9;0
12;1;0;1;1;28;784;0;1,09860002994537;46;85;1;1;12;0
16;1;0;0;1;14;196;1;2,30259990692139;36;85;1;0;16;1
10;1;0;0;0;13;169;0;1,5789999961853;29;85;1;0;10;0
12;1;0;0;1;32;1024;0;2,2425000667572;50;85;1;0;12;0
15;1;0;1;0;26;676;0;1,79180002212524;47;85;1;1;15;0
13;1;0;1;0;0;0;0;1,44690001010895;19;85;1;1;13;0
14;1;0;0;1;12;144;1;2,39969992637634;32;85;1;0;14;1
12;1;1;1;1;32;1024;0;2,49819993972778;50;85;1;1;12;0
12;1;0;0;1;12;144;0;2,13179993629456;30;85;1;0;12;0
12;1;0;0;0;3;9;0;2,43610000610352;21;85;1;0;12;0
9;1;0;0;1;29;841;0;2,99469995498657;44;85;1;0;9;0
14;1;0;1;0;10;100;0;1,92789995670319;30;85;1;1;14;0
12;0;0;1;1;16;256;1;1,74300003051758;34;85;1;1;12;1
12;0;0;1;1;8;64;0;1,20899999141693;26;85;1;1;12;0
9;0;0;1;1;16;256;0;1,5789999961853;31;85;1;1;9;0
12;0;0;1;1;15;225;0;1,74919998645782;33;85;1;1;12;0
12;0;0;1;1;18;324;0;1,68640005588531;36;85;1;1;12;0
12;0;0;1;1;38;1444;0;2,57699990272522;56;85;1;1;12;0
12;0;0;1;1;13;169;0;2,4261999130249;31;85;1;1;12;0
13;0;0;0;1;18;324;0;2,16910004615784;37;85;1;0;13;0
12;0;0;0;1;19;361;1;2,50309991836548;37;85;1;0;12;1
10;0;0;0;1;15;225;0;1,65820002555847;31;85;1;0;10;0
14;1;0;0;0;5;25;0;1,71480000019073;25;85;1;0;14;0
12;1;0;1;1;36;1296;0;1,52390003204346;54;85;1;1;12;0
12;1;0;0;1;38;1444;0;2,01489996910095;56;85;1;0;12;0
12;1;0;0;0;5;25;0;2,48489999771118;23;85;1;0;12;0
12;1;0;0;1;35;1225;1;2,77259993553162;53;85;1;0;12;1
11;1;1;0;0;3;9;0;1,20899999141693;20;85;1;0;11;0
10;1;0;0;0;27;729;0;1,49290001392365;43;85;1;0;10;0
12;1;0;1;1;29;841;0;1,44690001010895;47;85;1;1;12;0
10;1;1;1;1;38;1444;0;2,5725998878479;54;85;1;1;10;0
10;1;0;0;1;9;81;0;1,94589996337891;25;85;1;0;10;0
6;1;0;0;1;45;2025;0;1,74919998645782;57;85;1;0;6;0
8;1;0;0;1;27;729;0;1,8717999458313;41;85;1;0;8;0
12;1;1;0;1;20;400;0;2,02929997444153;38;85;1;0;12;0
16;1;0;0;1;14;196;1;3,02040004730225;36;85;1;0;16;1
12;1;0;0;0;1;1;0;1,83259999752045;19;85;1;0;12;0
11;1;1;1;1;25;625;0;1,34549999237061;42;85;1;1;11;0
14;1;0;0;1;21;441;0;2,81240010261536;41;85;1;0;14;0
17;0;0;1;0;10;100;0;2,4203999042511;33;85;1;1;17;0
14;0;0;0;0;2;4;0;1,73169994354248;22;85;1;0;14;0
11;0;0;0;0;17;289;0;1,8717999458313;34;85;1;0;11;0
12;0;0;1;1;24;576;0;2,04769992828369;42;85;1;1;12;0
12;0;0;0;1;26;676;1;1,93589997291565;44;85;1;0;12;1
12;0;0;0;1;39;1521;1;2,70799994468689;57;85;1;0;12;1
7;0;1;0;1;42;1764;1;1,94589996337891;55;85;1;0;7;1
7;1;0;0;1;43;1849;0;1,20899999141693;56;85;1;0;7;0
12;1;0;0;0;5;25;0;1,8717999458313;23;85;1;0;12;0
16;1;0;1;1;7;49;0;1,83259999752045;29;85;1;1;16;0
13;1;0;1;1;6;36;0;1,60940003395081;25;85;1;1;13;0
13;1;1;1;0;1;1;0;1,23839998245239;20;85;1;1;13;0
14;1;0;0;1;41;1681;0;2,17479991912842;61;85;1;0;14;0
16;1;0;1;1;4;16;0;2,30259990692139;26;85;1;1;16;0
11;1;0;1;1;25;625;1;1,38629996776581;42;85;1;1;11;1
12;1;0;1;1;39;1521;0;2,25130009651184;57;85;1;1;12;0
14;1;0;1;1;15;225;0;2,34470009803772;35;85;1;1;14;0
18;1;0;0;1;10;100;0;1,65059995651245;34;85;1;0;18;0
12;1;0;1;0;20;400;0;2,01489996910095;38;85;1;1;12;0
17;1;0;0;1;2;4;0;1,94589996337891;25;85;1;0;17;0
11;1;1;0;1;28;784;1;2,37770009040833;45;85;1;0;11;1
10;1;0;0;1;27;729;1;2,18610000610352;43;85;1;0;10;1
16;1;0;1;0;13;169;0;1,32179999351501;35;85;1;1;16;0
15;1;0;0;0;4;16;0;1,32179999351501;25;85;1;0;15;0
12;0;0;0;0;13;169;0;2,24600005149841;31;85;1;0;12;0
12;0;0;0;1;33;1089;1;2,70799994468689;51;85;1;0;12;1
12;0;0;1;0;6;36;0;1,28090000152588;24;85;1;1;12;0
18;0;0;0;1;23;529;1;2,48489999771118;47;85;1;0;18;1
16;0;0;1;1;6;36;0;2,36319994926453;28;85;1;1;16;0
16;0;0;1;1;16;256;0;2,63910007476807;38;85;1;1;16;0
16;0;0;0;0;3;9;1;1,60940003395081;25;85;1;0;16;1
12;0;0;0;0;19;361;1;2,44230008125305;37;85;1;0;12;1
12;0;0;0;1;43;1849;1;2,61809992790222;61;85;1;0;12;1
12;1;0;0;1;34;1156;0;2,36319994926453;52;85;1;0;12;0
12;1;0;1;0;25;625;0;2,00819993019104;43;85;1;1;12;0
10;1;1;0;1;41;1681;1;1,90950000286102;57;85;1;0;10;1
17;1;1;1;0;6;36;0;1,77069997787476;29;85;1;1;17;0
12;1;1;0;0;2;4;0;1,23210000991821;20;85;1;0;12;0
8;1;1;1;1;37;1369;0;1,47019994258881;51;85;1;1;8;0
12;1;1;0;1;19;361;1;2,56489992141724;37;85;1;0;12;1
5;1;0;0;1;44;1936;0;2,63910007476807;55;85;1;0;5;0
10;1;1;1;1;37;1369;0;1,25660002231598;53;85;1;1;10;0
13;1;0;0;0;8;64;0;1,45860004425049;27;85;1;0;13;0
18;1;0;0;1;12;144;0;1,76699995994568;36;85;1;0;18;0
12;0;0;0;0;8;64;0;1,79180002212524;26;85;1;0;12;0
16;0;0;0;1;13;169;1;2,39790010452271;35;85;1;0;16;1
13;0;0;0;0;32;1024;0;3,05640006065369;51;85;1;0;13;0
16;0;0;0;1;18;324;0;2,67589998245239;40;85;1;0;16;0
12;0;1;0;0;8;64;0;1,9242000579834;26;85;1;0;12;0
16;0;0;1;0;0;0;0;2,30259990692139;18;85;1;1;16;0
16;0;0;1;1;7;49;0;2,30259990692139;29;85;1;1;16;0
16;1;0;1;0;5;25;0;3,2179000377655;27;85;1;1;16;0
12;1;0;1;1;17;289;0;1,32179999351501;35;85;1;1;12;0
11;1;0;0;1;39;1521;0;1,8717999458313;56;85;1;0;11;0
12;1;0;0;0;4;16;0;1,60940003395081;22;85;1;0;12;0
8;1;0;1;0;45;2025;0;1,51510000228882;59;85;1;1;8;0
12;0;0;0;0;8;64;0;1,8717999458313;26;85;1;0;12;0
16;0;0;0;0;9;81;0;2,3585000038147;31;85;1;0;16;0
12;0;0;0;1;23;529;0;2,25760006904602;41;85;1;0;12;0
16;0;0;1;1;14;196;0;2,48489999771118;36;85;1;1;16;0
12;0;0;1;0;16;256;0;2,14010000228882;34;85;1;1;12;0
12;0;0;1;1;15;225;0;1,41100001335144;33;85;1;1;12;0
12;0;0;1;0;15;225;0;1,50409996509552;33;85;1;1;12;0
16;0;0;0;1;16;256;0;2,44230008125305;38;85;1;0;16;0
14;0;0;0;0;13;169;0;2,18610000610352;33;85;1;0;14;0
11;0;0;0;0;15;225;1;2,6538999080658;32;85;1;0;11;1
16;0;0;0;1;11;121;0;2,6136999130249;33;85;1;0;16;0
18;0;0;1;0;40;1600;0;3,10010004043579;64;85;1;1;18;0
18;0;0;1;1;11;121;0;2,70799994468689;35;85;1;1;18;0
13;1;0;0;1;17;289;0;2,08689999580383;36;85;1;0;13;0
12;1;0;0;1;12;144;0;1,90950000286102;30;85;1;0;12;0
11;1;1;0;1;14;196;0;1,50409996509552;31;85;1;0;11;0
12;1;0;1;1;26;676;0;1,94589996337891;44;85;1;1;12;0
12;1;1;1;1;27;729;0;2,01489996910095;45;85;1;1;12;0
12;1;0;1;1;16;256;0;2,01489996910095;34;85;1;1;12;0
12;1;1;0;0;2;4;0;2,14010000228882;20;85;1;0;12;0
7;1;0;0;1;44;1936;0;2,07940006256104;57;85;1;0;7;0
8;1;0;0;1;8;64;0;1,25279998779297;22;85;1;0;8;0
12;1;0;0;1;9;81;0;2,52570009231567;27;85;1;0;12;0
12;1;0;0;0;1;1;1;1,79180002212524;19;85;1;0;12;1
16;1;0;1;0;2;4;0;1,65820002555847;24;85;1;1;16;0
12;1;0;0;0;6;36;0;1,60940003395081;24;85;1;0;12;0
11;1;0;1;1;17;289;0;1,25279998779297;34;85;1;1;11;0
14;1;0;0;1;14;196;1;2,39790010452271;34;85;1;0;14;1
12;0;0;0;0;3;9;0;2,01489996910095;21;85;1;0;12;0
12;0;0;0;1;13;169;0;2,14010000228882;31;85;1;0;12;0
12;0;0;0;0;11;121;0;2,52570009231567;29;85;1;0;12;0
12;0;0;0;1;24;576;1;2,37490010261536;42;85;1;0;12;1
12;0;0;1;1;14;196;1;2,52570009231567;32;85;1;1;12;1
17;0;0;0;1;7;49;0;2,05410003662109;30;85;1;0;17;0
17;0;0;0;1;13;169;0;2,48489999771118;36;85;1;0;17;0
12;1;1;1;1;10;100;0;1,20899999141693;28;85;1;1;12;0
12;1;0;0;1;13;169;1;2,98950004577637;31;85;1;0;12;1
13;1;0;0;1;7;49;0;1,79180002212524;26;85;1;0;13;0
8;1;0;1;1;39;1521;0;1,43980002403259;53;85;1;1;8;0
14;1;0;1;1;6;36;0;1,25279998779297;26;85;1;1;14;0
12;1;0;0;1;20;400;1;2,48489999771118;38;85;1;0;12;1
12;0;0;1;1;7;49;0;1,20899999141693;25;85;1;1;12;0
12;0;0;0;1;20;400;1;2,19720005989075;38;85;1;0;12;1
14;0;0;1;0;6;36;0;1,38129997253418;26;85;1;1;14;0
12;0;0;1;1;39;1521;0;1,60940003395081;57;85;1;1;12;0
16;0;0;0;1;15;225;0;2,53900003433228;37;85;1;0;16;0
15;0;0;0;1;31;961;0;2,8478000164032;52;85;1;0;15;0
12;0;0;1;0;25;625;0;2,25130009651184;43;85;1;1;12;0
11;0;0;0;1;13;169;1;2,63910007476807;30;85;1;0;11;1
12;0;1;0;1;8;64;1;2,14010000228882;26;85;1;0;12;1
12;0;0;1;1;2;4;0;1,44690001010895;20;85;1;1;12;0
16;0;0;0;1;14;196;0;1,75789999961853;36;85;1;0;16;0
13;0;0;0;1;14;196;0;2,4203999042511;33;85;1;0;13;0
18;0;0;1;1;18;324;1;2,48489999771118;42;85;1;1;18;1
12;0;0;1;1;28;784;0;2,4203999042511;46;85;1;1;12;0
16;0;0;0;1;10;100;1;2,01489996910095;32;85;1;0;16;1
14;1;1;0;0;17;289;0;2,10409998893738;37;85;1;0;14;0
12;1;0;1;1;14;196;0;1,5789999961853;32;85;1;1;12;0
12;1;0;1;1;2;4;0;1,55809998512268;20;85;1;1;12;0
16;1;0;0;1;29;841;0;1,70469999313354;51;85;1;0;16;0
11;1;0;0;1;29;841;0;2,25130009651184;46;85;1;0;11;0
12;1;0;1;1;14;196;0;2,26180005073547;32;85;1;1;12;0
13;0;0;1;1;33;1089;0;1,51510000228882;52;85;1;1;13;0
16;0;0;0;1;4;16;0;2,7558000087738;26;85;1;0;16;0
15;0;0;0;1;13;169;0;2,2885000705719;34;85;1;0;15;0
14;0;0;1;0;24;576;0;2,30259990692139;44;85;1;1;14;0
13;0;0;0;0;5;25;0;1,75789999961853;24;85;1;0;13;0
14;1;0;0;0;1;1;0;2,01859998703003;21;85;1;0;14;0
11;1;0;0;1;37;1369;1;2,27729988098145;54;85;1;0;11;1
11;1;0;0;1;18;324;1;2,56489992141724;35;85;1;0;11;1
15;1;0;1;1;10;100;0;2,33019995689392;31;85;1;1;15;0
12;1;0;0;1;16;256;1;2,59899997711182;34;85;1;0;12;1
12;0;0;0;1;12;144;1;2,53130006790161;30;85;1;0;12;1
14;0;0;1;0;4;16;0;2,15520000457764;24;85;1;1;14;0
12;0;0;0;1;16;256;1;2,58480000495911;34;85;1;0;12;1
14;0;1;0;1;34;1156;1;1,9242000579834;54;85;1;0;14;1
13;0;0;0;1;10;100;1;2,52329993247986;29;85;1;0;13;1
14;0;0;0;1;17;289;0;1,96609997749329;37;85;1;0;14;0
13;0;0;1;1;16;256;0;2,52570009231567;35;85;1;1;13;0
10;0;0;0;1;20;400;0;2,30259990692139;36;85;1;0;10;0
10;0;0;0;1;12;144;0;2,30259990692139;28;85;1;0;10;0
12;0;0;0;1;30;900;0;2,16910004615784;48;85;1;0;12;0
16;0;0;1;1;26;676;0;2,23799991607666;48;85;1;1;16;0
13;0;0;0;1;13;169;0;2,40790009498596;32;85;1;0;13;0
8;0;0;1;1;21;441;0;1,62919998168945;35;85;1;1;8;0
11;0;1;0;0;3;9;0;2,01489996910095;20;85;1;0;11;0
8;0;1;1;1;29;841;0;1,22379994392395;43;85;1;1;8;0
12;0;0;1;1;3;9;0;1,50409996509552;21;85;1;1;12;0
18;0;1;0;1;27;729;0;1,83259999752045;51;85;1;0;18;0
12;0;0;0;1;33;1089;0;3,02290010452271;51;85;1;0;12;0
13;0;0;0;0;17;289;0;2,1282000541687;36;85;1;0;13;0
12;0;0;1;1;15;225;0;2,07940006256104;33;85;1;1;12;0
9;0;0;0;1;38;1444;0;2,14010000228882;53;85;1;0;9;0
12;0;0;0;0;9;81;0;1,32179999351501;27;85;1;0;12;0
12;0;0;0;1;10;100;0;2,19720005989075;28;85;1;0;12;0
16;0;0;1;0;6;36;0;2,48909997940063;28;85;1;1;16;0
12;0;0;1;1;7;49;0;1,50409996509552;25;85;1;1;12;0
9;0;1;0;0;16;256;0;1,5686000585556;31;85;1;0;9;0
10;0;0;0;1;30;900;0;1,8717999458313;46;85;1;0;10;0
12;0;0;0;1;19;361;0;2,03979992866516;37;85;1;0;12;0
12;0;0;1;0;15;225;0;2,23359990119934;33;85;1;1;12;0
12;0;1;0;1;12;144;0;1,60940003395081;30;85;1;0;12;0
12;0;1;1;1;33;1089;0;1,80830001831055;51;85;1;1;12;0
12;0;1;0;0;36;1296;0;2,36739993095398;54;85;1;0;12;0
12;0;1;1;0;25;625;0;1,25279998779297;43;85;1;1;12;0
12;0;1;0;1;35;1225;1;2,30259990692139;53;85;1;0;12;1
13;0;1;0;0;8;64;1;2,19720005989075;27;85;1;0;13;1
12;1;1;1;1;23;529;0;2,01489996910095;41;85;1;1;12;0
18;1;0;0;0;7;49;0;1,74300003051758;31;85;1;0;18;0
17;1;0;0;0;3;9;0;2,14010000228882;26;85;1;0;17;0
12;1;1;0;1;8;64;0;1,38629996776581;26;85;1;0;12;0
9;1;1;1;1;34;1156;1;1,74919998645782;49;85;1;1;9;1
12;0;0;0;0;2;4;0;1,65820002555847;20;85;1;0;12;0
12;0;0;0;1;34;1156;0;1,25279998779297;52;85;1;0;12;0
11;0;0;0;0;2;4;0;1,50409996509552;19;85;1;0;11;0
12;0;0;1;0;11;121;0;1,70469999313354;29;85;1;1;12;0
13;0;0;1;1;4;16;0;1,83259999752045;23;85;1;1;13;0
16;0;0;1;1;22;484;1;2,18479990959167;44;85;1;1;16;1
12;0;0;1;1;45;2025;0;1,65820002555847;63;85;1;1;12;0
14;0;0;1;1;26;676;0;2,32730007171631;46;85;1;1;14;0
14;0;0;1;1;12;144;0;1,83259999752045;32;85;1;1;14;0
12;0;0;1;1;3;9;0;1,47019994258881;21;85;1;1;12;0
13;0;0;0;0;36;1296;0;2,88240003585815;55;85;1;0;13;0
12;0;0;1;1;9;81;1;2,01489996910095;27;85;1;1;12;1
16;0;0;1;1;7;49;0;1,83259999752045;29;85;1;1;16;0
14;0;0;0;1;14;196;0;1,50409996509552;34;85;1;0;14;0
12;0;0;1;0;6;36;0;1,85629999637604;24;85;1;1;12;0
15;0;0;0;1;1;1;1;1,57659995555878;22;85;1;0;15;1
11;0;0;0;1;4;16;0;1,42309999465942;21;85;1;0;11;0
12;0;0;1;1;5;25;0;1,63510000705719;23;85;1;1;12;0
8;0;0;1;1;38;1444;0;1,66009998321533;52;85;1;1;8;0
16;0;0;1;1;6;36;0;2,05130004882813;28;85;1;1;16;0
13;0;0;0;0;9;81;1;2,57030010223389;28;85;1;0;13;1
13;0;0;1;1;15;225;0;2,07940006256104;34;85;1;1;13;0
15;0;0;1;1;11;121;0;2,03690004348755;32;85;1;1;15;0
12;0;0;0;0;17;289;0;2,01489996910095;35;85;1;0;12;0
12;0;0;0;0;1;1;0;1,04729998111725;19;85;1;0;12;0
12;0;0;0;1;9;81;0;1,85060000419617;27;85;1;0;12;0
9;0;0;0;0;48;2304;0;1,25279998779297;63;85;1;0;9;0
12;0;0;0;1;17;289;1;2,42919993400574;35;85;1;0;12;1
12;0;0;1;1;33;1089;0;1,70469999313354;51;85;1;1;12;0
12;0;0;0;1;7;49;0;2,21379995346069;25;85;1;0;12;0
14;0;0;1;1;12;144;0;2,07439994812012;32;85;1;1;14;0
16;0;0;1;1;6;36;0;1,73169994354248;28;85;1;1;16;0
4;0;0;0;1;54;2916;0;1,79180002212524;64;85;1;0;4;0
16;1;1;0;0;16;256;0;2,59899997711182;38;85;1;0;16;0
11;1;0;1;1;8;64;0;1,29470002651215;25;85;1;1;11;0
9;1;0;0;0;30;900;1;1,83259999752045;45;85;1;0;9;1
13;1;0;0;0;1;1;1;1,63900005817413;20;85;1;0;13;1
17;1;0;0;1;32;1024;0;3,26920008659363;55;85;1;0;17;0
13;1;0;0;0;0;0;0;,698099970817566;19;85;1;0;13;0
12;1;0;1;0;26;676;0;1,60940003395081;44;85;1;1;12;0
11;0;0;1;0;36;1296;0;2,16910004615784;53;85;1;1;11;0
14;0;0;1;1;19;361;0;2,52570009231567;39;85;1;1;14;0
12;0;0;0;0;12;144;0;1,38629996776581;30;85;1;0;12;0
16;0;0;0;1;21;441;0;1,50409996509552;43;85;1;0;16;0
12;0;0;1;0;11;121;0;1,8717999458313;29;85;1;1;12;0
12;0;0;0;1;10;100;0;1,70469999313354;28;85;1;0;12;0
17;0;0;1;1;15;225;0;1,92789995670319;38;85;1;1;17;0
16;0;0;1;0;16;256;0;1,81649994850159;38;85;1;1;16;0
12;0;0;0;1;23;529;0;2,05130004882813;41;85;1;0;12;0
12;0;0;0;1;24;576;0;0;42;85;1;0;12;0
17;0;0;1;1;13;169;1;2,52570009231567;36;85;1;1;17;1
14;0;1;1;1;19;361;1;2,18039989471436;39;85;1;1;14;1
11;0;0;1;1;20;400;0;1,47019994258881;37;85;1;1;11;0
18;0;0;0;0;5;25;0;2,43039989471436;29;85;1;0;18;0
8;0;0;0;1;47;2209;1;2,18939995765686;61;85;1;0;8;1
11;0;0;1;1;33;1089;0;1,25279998779297;50;85;1;1;11;0
14;0;0;0;1;21;441;1;3,2581000328064;41;85;1;0;14;1
12;0;0;1;1;19;361;0;2,07940006256104;37;85;1;1;12;0
14;0;0;0;1;20;400;1;2,77259993553162;40;85;1;0;14;1
12;0;0;1;1;13;169;0;1,67709994316101;31;85;1;1;12;0
17;0;1;1;1;25;625;1;3,14630007743835;48;85;1;1;17;1
12;0;1;1;1;18;324;0;2,15520000457764;36;85;1;1;12;0
14;0;0;1;0;13;169;0;2,917799949646;33;85;1;1;14;0
18;0;0;0;1;8;64;0;3,10010004043579;32;85;1;0;18;0
12;0;1;0;0;14;196;1;2,78870010375977;32;85;1;0;12;1
12;0;0;0;0;9;81;0;2,96889996528625;27;85;1;0;12;0
